id,title,due_on,submitted,user_id,company_id
1,Banking Orchestrator,2021-11-09,true,1,454
2,Sales Designer,2021-10-28,false,1,276
3,Future Banking Designer,2021-12-02,true,1,6
4,Lead Construction Director,2021-10-10,true,1,320
5,Healthcare Representative,2021-10-21,true,1,488
6,Principal Farming Consultant,2021-11-25,true,1,285
7,Senior Advertising Consultant,2021-10-22,true,1,130
8,Internal Representative,2021-12-03,true,1,113
9,National Construction Liaison,2021-10-29,false,1,72
10,Product Technology Agent,2021-12-03,false,1,453
11,Lead Education Officer,2021-10-26,true,1,148
12,Community-Services Architect,2021-12-04,false,1,478
13,Consulting Engineer,2021-10-10,true,1,75
14,Dynamic Construction Manager,2021-10-18,true,1,340
15,Retail Orchestrator,2021-12-15,true,1,122
16,Corporate Architect,2021-12-02,false,1,439
17,Chief Advertising Orchestrator,2021-10-25,true,1,435
18,Manufacturing Liaison,2021-10-28,true,1,445
19,Direct Technology Orchestrator,2021-10-27,true,1,26
20,Retail Engineer,2021-11-22,false,1,277
21,National Analyst,2021-12-25,false,1,441
22,Hospitality Facilitator,2021-12-09,true,2,161
23,Lead Supervisor,2021-11-24,false,2,363
24,Design Architect,2021-11-17,false,2,261
25,Global Construction Liaison,2021-10-02,true,2,48
26,District Legal Technician,2021-12-02,false,2,258
27,Legacy Liaison,2021-12-27,false,2,307
28,International Technology Specialist,2021-11-13,false,2,289
29,Hospitality Liaison,2021-11-08,false,2,272
30,Principal Technician,2021-11-06,true,2,179
31,Government Orchestrator,2021-10-05,true,2,212
32,Legacy Officer,2021-11-12,false,2,352
33,Global Advertising Designer,2021-12-17,true,3,307
34,Marketing Specialist,2021-10-14,true,3,19
35,International Developer,2021-10-16,true,3,310
36,Lead Technician,2021-10-04,true,3,231
37,Manufacturing Producer,2021-10-07,true,3,72
38,Internal Executive,2021-12-19,false,3,468
39,Hospitality Technician,2021-10-27,true,3,291
40,Internal Mining Consultant,2021-10-22,true,3,100
41,Central Construction Manager,2021-11-15,true,3,173
42,Real-Estate Associate,2021-11-04,false,3,458
43,Retail Engineer,2021-12-15,false,3,268
44,Principal Advertising Director,2021-11-28,true,3,337
45,Community-Services Specialist,2021-09-30,true,3,328
46,Future Legal Facilitator,2021-10-11,true,3,418
47,Administration Liaison,2021-10-02,true,3,391
48,Central Accounting Administrator,2021-11-30,true,3,33
49,Principal Specialist,2021-10-24,true,3,232
50,Investor Marketing Specialist,2021-11-11,false,3,83
51,Manufacturing Planner,2021-10-27,true,3,450
52,International Executive,2021-10-04,true,3,197
53,District Manufacturing Officer,2021-12-19,true,3,277
54,Internal Assistant,2021-11-15,true,3,313
55,National Liaison,2021-10-13,true,3,439
56,Mining Orchestrator,2021-10-27,true,3,476
57,IT Director,2021-12-09,true,3,351
58,Human Marketing Analyst,2021-11-22,true,3,165
59,Farming Agent,2021-09-30,true,3,95
60,Future Marketing Strategist,2021-11-21,false,3,400
61,Hospitality Executive,2021-09-28,true,3,301
62,Community-Services Developer,2021-10-17,true,4,309
63,Regional Marketing Engineer,2021-12-01,false,4,460
64,Lead Mining Officer,2021-10-07,true,4,107
65,Internal Marketing Analyst,2021-10-22,true,4,432
66,Forward Hospitality Supervisor,2021-11-28,true,4,505
67,International Marketing Orchestrator,2021-12-26,true,4,268
68,Legacy Analyst,2021-10-09,true,4,35
69,Global Developer,2021-10-14,true,4,97
70,Dynamic Legal Consultant,2021-11-15,true,4,361
71,International Government Engineer,2021-12-12,false,4,144
72,Marketing Executive,2021-10-24,true,4,256
73,Construction Agent,2021-12-14,true,4,470
74,Future Specialist,2021-11-06,true,4,147
75,Global Mining Coordinator,2021-10-26,true,4,350
76,Design Analyst,2021-11-18,false,4,341
77,Customer Consulting Supervisor,2021-10-09,true,4,17
78,Accounting Developer,2021-10-16,true,4,121
79,Lead Specialist,2021-11-17,false,4,279
80,Farming Coordinator,2021-12-12,false,4,400
81,Retail Developer,2021-12-18,true,4,386
82,Manufacturing Technician,2021-09-27,true,4,486
83,Accounting Manager,2021-11-06,false,4,317
84,Government Consultant,2021-10-03,true,4,142
85,Future Strategist,2021-10-09,true,4,76
86,Design Facilitator,2021-10-28,true,5,336
87,Healthcare Assistant,2021-11-30,false,5,102
88,Manufacturing Manager,2021-10-12,true,5,174
89,Human Retail Supervisor,2021-10-04,true,5,187
90,Technology Producer,2021-12-14,false,5,476
91,Design Orchestrator,2021-11-24,true,5,110
92,Advertising Executive,2021-11-29,false,5,350
93,Mining Assistant,2021-10-05,true,5,141
94,District Producer,2021-12-21,false,5,179
95,Healthcare Planner,2021-12-12,true,5,161
96,Dynamic Banking Engineer,2021-12-20,false,5,48
97,Investor Accounting Assistant,2021-12-10,true,5,435
98,Corporate Farming Director,2021-09-27,true,5,235
99,Central Manufacturing Specialist,2021-10-27,true,5,348
100,Customer Associate,2021-10-15,true,5,342
101,Forward Producer,2021-12-24,true,5,481
102,District Community-Services Administrator,2021-12-24,false,5,239
103,Chief Farming Engineer,2021-10-21,true,5,262
104,Corporate Education Consultant,2021-10-26,true,5,339
105,District Education Consultant,2021-10-29,true,5,153
106,Accounting Administrator,2021-09-30,true,5,285
107,Advertising Developer,2021-11-24,false,5,361
108,Dynamic Marketing Coordinator,2021-10-05,true,5,281
109,Administration Representative,2021-12-04,false,5,231
110,Senior Producer,2021-11-29,true,5,153
111,Human Administrator,2021-10-01,true,5,43
112,Retail Executive,2021-10-18,true,5,369
113,Product Facilitator,2021-10-25,true,6,213
114,Product Facilitator,2021-12-09,true,6,199
115,IT Architect,2021-11-13,true,6,504
116,Real-Estate Supervisor,2021-11-07,false,6,299
117,Farming Assistant,2021-10-31,false,6,212
118,Marketing Liaison,2021-10-03,true,6,285
119,Legacy Supervisor,2021-11-10,false,6,211
120,Customer Officer,2021-10-17,true,6,49
121,Accounting Supervisor,2021-12-19,false,6,242
122,Hospitality Administrator,2021-12-08,true,6,233
123,Internal Sales Designer,2021-10-15,true,6,79
124,Farming Administrator,2021-10-22,true,6,183
125,National Technology Director,2021-10-07,true,6,423
126,Real-Estate Associate,2021-12-26,true,6,196
127,Community-Services Director,2021-09-27,true,6,96
128,Senior Technology Orchestrator,2021-12-18,false,6,221
129,Human Coordinator,2021-10-18,true,6,467
130,Human Administration Specialist,2021-10-12,true,6,215
131,Lead Marketing Designer,2021-10-23,true,6,229
132,Healthcare Coordinator,2021-10-30,false,6,175
133,Chief Sales Agent,2021-11-22,true,6,209
134,Chief Farming Representative,2021-10-20,true,6,181
135,Healthcare Supervisor,2021-11-17,false,6,249
136,Principal Director,2021-11-18,true,7,127
137,Marketing Strategist,2021-11-30,false,7,279
138,Lead Farming Specialist,2021-12-06,true,7,456
139,Healthcare Consultant,2021-11-18,false,7,189
140,Direct Consulting Orchestrator,2021-12-24,true,7,194
141,Hospitality Coordinator,2021-12-01,true,7,247
142,Corporate Marketing Analyst,2021-12-09,true,7,358
143,Real-Estate Assistant,2021-12-04,false,7,124
144,Legacy Government Designer,2021-11-08,true,7,116
145,Consulting Manager,2021-11-12,false,7,95
146,National Education Producer,2021-12-23,false,7,434
147,Legal Architect,2021-11-03,false,7,178
148,National Sales Analyst,2021-10-23,true,7,445
149,Corporate IT Architect,2021-11-18,true,7,56
150,Sales Coordinator,2021-10-17,true,7,223
151,Future Officer,2021-12-13,true,7,8
152,Chief Analyst,2021-11-03,false,7,454
153,Investor Engineer,2021-10-25,true,7,493
154,Hospitality Representative,2021-12-23,true,7,468
155,Education Director,2021-11-13,true,7,182
156,Senior Design Producer,2021-10-12,true,7,483
157,Farming Strategist,2021-12-05,false,7,27
158,Technology Manager,2021-10-05,true,7,310
159,Accounting Developer,2021-10-05,true,7,275
160,Global Strategist,2021-10-15,true,8,171
161,Customer Healthcare Developer,2021-12-20,false,8,493
162,Construction Developer,2021-10-17,true,8,271
163,Advertising Administrator,2021-11-19,true,8,68
164,Customer Producer,2021-10-01,true,8,2
165,Product Manufacturing Engineer,2021-10-27,true,8,24
166,IT Assistant,2021-11-21,true,8,240
167,Principal IT Developer,2021-12-26,true,8,85
168,Future Architect,2021-12-07,true,8,43
169,Product Community-Services Manager,2021-11-29,true,8,279
170,Internal Design Planner,2021-12-16,true,8,110
171,Human Planner,2021-10-09,true,8,206
172,Product Orchestrator,2021-12-15,true,8,90
173,Investor Advertising Supervisor,2021-12-12,true,8,153
174,Future Administrator,2021-12-06,true,8,33
175,International Construction Manager,2021-12-12,true,8,463
176,Chief Retail Architect,2021-09-27,true,8,279
177,International Strategist,2021-12-07,true,8,475
178,Lead Farming Orchestrator,2021-11-08,true,8,172
179,Principal Marketing Representative,2021-11-12,true,8,410
180,Legacy Facilitator,2021-12-08,true,8,501
181,Direct Technician,2021-10-11,true,8,147
182,Marketing Facilitator,2021-11-14,false,8,96
183,Corporate Assistant,2021-12-16,false,8,181
184,Banking Engineer,2021-10-20,true,8,500
185,Banking Consultant,2021-11-06,false,9,250
186,Sales Agent,2021-12-02,true,9,363
187,Construction Coordinator,2021-10-10,true,9,108
188,Chief Sales Officer,2021-11-25,true,9,217
189,National Community-Services Developer,2021-12-13,true,9,1
190,Customer Education Planner,2021-11-21,true,9,164
191,District Orchestrator,2021-12-22,true,9,47
192,Banking Engineer,2021-11-20,false,9,145
193,Chief Design Developer,2021-09-28,true,9,347
194,Chief Government Officer,2021-09-29,true,9,369
195,Investor Accounting Executive,2021-12-17,false,9,127
196,Principal Community-Services Agent,2021-11-19,true,9,13
197,Future Marketing Producer,2021-12-09,false,9,421
198,Future Marketing Facilitator,2021-10-31,true,9,36
199,Education Associate,2021-10-23,true,9,345
200,Investor Executive,2021-11-11,false,9,367
201,Product Architect,2021-12-25,false,9,64
202,Lead Accounting Assistant,2021-11-01,true,9,264
203,Lead Strategist,2021-10-10,true,9,425
204,Design Associate,2021-10-20,true,9,114
205,Mining Manager,2021-10-23,true,9,262
206,Sales Liaison,2021-09-27,true,10,253
207,Senior Construction Technician,2021-10-28,false,10,203
208,Central Banking Representative,2021-10-06,true,10,125
209,Sales Orchestrator,2021-12-12,true,10,222
210,Global Marketing Designer,2021-11-24,false,10,131
211,Investor Agent,2021-11-09,true,10,325
212,Customer Government Specialist,2021-12-17,true,10,464
213,Chief Coordinator,2021-10-29,true,10,199
214,Product Orchestrator,2021-10-02,true,10,313
215,Forward Administration Coordinator,2021-10-23,true,10,378
216,Manufacturing Planner,2021-12-11,true,10,247
217,Principal Retail Administrator,2021-11-27,false,10,142
218,Advertising Specialist,2021-11-01,false,10,223
219,Future Government Supervisor,2021-11-12,false,10,427
220,Forward Retail Administrator,2021-11-15,true,10,91
221,Chief Legal Engineer,2021-11-24,true,10,103
222,International Hospitality Planner,2021-10-21,true,10,488
223,Design Supervisor,2021-12-03,false,11,482
224,Construction Supervisor,2021-11-14,true,11,352
225,Lead Planner,2021-12-26,false,11,324
226,Future Sales Officer,2021-11-12,true,11,235
227,Future IT Strategist,2021-11-20,false,11,41
228,Forward Government Director,2021-10-02,true,11,132
229,Manufacturing Coordinator,2021-11-30,false,11,308
230,Legacy Representative,2021-12-25,false,11,486
231,Central Manufacturing Planner,2021-12-03,true,11,480
232,Chief Marketing Facilitator,2021-10-23,true,12,178
233,Central Healthcare Agent,2021-11-15,false,12,464
234,Chief Manager,2021-11-21,true,12,337
235,Legacy Designer,2021-11-05,true,12,418
236,Central Sales Associate,2021-11-29,true,12,229
237,Legal Representative,2021-12-07,false,12,290
238,Manufacturing Developer,2021-11-30,false,12,87
239,Design Consultant,2021-10-23,true,12,494
240,Farming Associate,2021-10-06,true,12,137
241,Hospitality Designer,2021-10-02,true,12,28
242,International Legal Assistant,2021-10-17,true,12,157
243,Senior Marketing Executive,2021-11-19,false,12,76
244,Retail Liaison,2021-11-18,true,12,324
245,Community-Services Developer,2021-11-05,true,12,378
246,Forward Analyst,2021-10-13,true,12,110
247,Chief IT Producer,2021-12-16,true,12,38
248,Design Agent,2021-12-15,false,12,304
249,Product Designer,2021-12-23,false,12,409
250,Central Associate,2021-10-03,true,12,242
251,Internal Accounting Orchestrator,2021-11-17,true,13,455
252,Direct Consultant,2021-12-04,true,13,312
253,Central Hospitality Supervisor,2021-10-22,true,13,147
254,Dynamic Sales Coordinator,2021-11-07,false,13,80
255,Sales Coordinator,2021-11-30,true,13,362
256,Direct Executive,2021-10-22,true,13,126
257,Chief Manufacturing Officer,2021-11-20,true,13,160
258,Human Marketing Planner,2021-11-20,true,13,312
259,Government Administrator,2021-10-19,true,13,316
260,Accounting Executive,2021-09-30,true,13,86
261,Senior Legal Producer,2021-12-10,false,14,330
262,Accounting Manager,2021-10-22,true,14,348
263,Regional Planner,2021-10-25,true,14,442
264,Government Liaison,2021-11-29,false,14,65
265,Regional Healthcare Officer,2021-12-27,false,14,25
266,Technology Coordinator,2021-11-30,true,14,483
267,Central Education Technician,2021-12-13,true,14,433
268,Forward Executive,2021-10-28,true,14,357
269,Chief Analyst,2021-11-06,false,14,432
270,Marketing Developer,2021-11-29,true,14,363
271,IT Strategist,2021-11-06,false,14,434
272,Regional Government Facilitator,2021-12-10,false,14,152
273,Future Education Planner,2021-10-21,true,14,299
274,Advertising Consultant,2021-12-23,true,14,359
275,Legal Administrator,2021-10-11,true,14,154
276,Real-Estate Administrator,2021-10-07,true,14,340
277,Community-Services Consultant,2021-12-17,true,14,98
278,Technology Liaison,2021-11-30,false,14,502
279,Corporate Administration Agent,2021-12-05,false,14,306
280,Human Banking Manager,2021-10-08,true,14,420
281,Corporate Orchestrator,2021-11-20,false,14,293
282,Direct Sales Officer,2021-10-25,true,14,38
283,Manufacturing Consultant,2021-11-25,true,14,237
284,Retail Officer,2021-11-04,true,14,125
285,Internal Retail Supervisor,2021-11-10,true,14,340
286,Consulting Manager,2021-12-01,false,14,482
287,Sales Officer,2021-12-27,true,14,320
288,Regional Marketing Architect,2021-11-19,true,14,79
289,Senior Farming Designer,2021-11-29,true,15,431
290,Healthcare Orchestrator,2021-12-21,true,15,175
291,Manufacturing Engineer,2021-11-26,false,15,64
292,Product Farming Technician,2021-12-04,false,15,69
293,Marketing Officer,2021-12-09,false,15,339
294,Accounting Designer,2021-10-01,true,15,437
295,Accounting Assistant,2021-10-10,true,15,405
296,Design Consultant,2021-11-30,false,16,350
297,Future Orchestrator,2021-11-25,true,16,239
298,Legacy Banking Supervisor,2021-11-03,false,16,334
299,Banking Producer,2021-11-14,true,16,31
300,Global Manager,2021-11-20,true,16,45
301,Advertising Analyst,2021-10-22,true,16,379
302,Central Designer,2021-11-08,false,16,208
303,Direct Legal Director,2021-12-03,true,16,302
304,Chief Consulting Technician,2021-12-14,true,17,368
305,Corporate Technology Representative,2021-10-04,true,17,220
306,Marketing Coordinator,2021-11-29,false,17,162
307,Legal Orchestrator,2021-12-22,false,17,431
308,Accounting Consultant,2021-11-07,true,17,154
309,Design Strategist,2021-11-23,false,17,447
310,Corporate Planner,2021-12-08,true,17,125
311,Global Community-Services Orchestrator,2021-12-24,false,17,345
312,Regional Supervisor,2021-11-15,false,17,339
313,Internal Technology Designer,2021-12-08,true,17,284
314,Construction Associate,2021-11-14,true,17,247
315,Forward Community-Services Orchestrator,2021-10-07,true,17,226
316,District Government Facilitator,2021-10-31,false,17,499
317,Dynamic IT Engineer,2021-12-14,false,17,426
318,District Assistant,2021-10-30,true,17,120
319,Internal Technology Associate,2021-10-07,true,17,429
320,District Strategist,2021-11-19,true,17,420
321,Community-Services Coordinator,2021-12-27,false,17,75
322,Advertising Consultant,2021-10-27,true,17,94
323,Real-Estate Manager,2021-12-13,false,17,16
324,Direct Marketing Director,2021-11-29,true,17,95
325,Design Associate,2021-12-19,true,17,443
326,Corporate Administration Assistant,2021-10-16,true,17,421
327,Consulting Facilitator,2021-12-01,true,17,435
328,Real-Estate Administrator,2021-12-12,false,17,159
329,Direct Mining Engineer,2021-12-01,true,18,314
330,Corporate Executive,2021-12-21,true,18,96
331,Hospitality Administrator,2021-10-30,true,18,295
332,Government Planner,2021-09-29,true,18,473
333,Legal Manager,2021-09-27,true,18,253
334,Accounting Officer,2021-11-06,false,18,195
335,Global Representative,2021-11-15,true,18,479
336,Chief Hospitality Facilitator,2021-11-08,true,18,204
337,Administration Designer,2021-12-27,false,18,121
338,Manufacturing Director,2021-12-03,true,18,398
339,Community-Services Facilitator,2021-12-12,false,18,14
340,Mining Strategist,2021-09-30,true,18,193
341,Chief Government Specialist,2021-12-20,true,18,193
342,Administration Liaison,2021-10-17,true,18,291
343,Retail Developer,2021-10-27,true,18,78
344,Banking Assistant,2021-12-08,false,18,241
345,Lead Developer,2021-12-24,true,18,357
346,Senior Executive,2021-11-20,false,18,214
347,Regional Supervisor,2021-11-09,false,18,376
348,National Marketing Representative,2021-12-12,false,18,366
349,National Designer,2021-11-01,true,18,52
350,Direct Associate,2021-10-14,true,18,217
351,Retail Facilitator,2021-11-28,true,18,296
352,Future Technology Officer,2021-11-09,false,18,58
353,Direct Sales Facilitator,2021-11-20,false,18,286
354,Investor Executive,2021-10-24,true,19,269
355,Chief IT Assistant,2021-11-14,false,19,48
356,Legal Specialist,2021-09-29,true,19,161
357,Farming Planner,2021-11-09,false,19,157
358,District Sales Facilitator,2021-12-09,true,19,487
359,International Engineer,2021-10-25,true,19,198
360,Central Manager,2021-11-20,true,19,157
361,Chief Design Director,2021-10-17,true,19,193
362,Education Technician,2021-10-05,true,19,428
363,Banking Specialist,2021-12-10,true,19,240
364,Forward Analyst,2021-12-23,false,19,109
365,Human Agent,2021-12-10,true,19,46
366,Administration Executive,2021-10-05,true,19,452
367,Chief Designer,2021-10-09,true,19,49
368,Principal Administration Manager,2021-12-18,true,19,472
369,Global Officer,2021-10-07,true,19,288
370,Design Developer,2021-12-08,true,20,355
371,Regional Director,2021-11-17,true,20,59
372,Product Administration Administrator,2021-11-24,true,20,402
373,Lead Agent,2021-11-26,false,20,138
374,Future Accounting Producer,2021-10-20,true,20,388
375,Education Officer,2021-11-14,false,20,75
376,Product Administrator,2021-11-26,true,20,165
377,Dynamic Strategist,2021-10-01,true,20,261
378,Regional Designer,2021-10-15,true,20,319
379,Product Marketing Designer,2021-12-22,false,20,238
380,Legacy Banking Consultant,2021-10-29,true,20,476
381,Product Retail Agent,2021-12-04,false,20,378
382,Mining Producer,2021-11-17,false,20,372
383,Construction Orchestrator,2021-12-14,true,20,136
384,Direct Liaison,2021-11-05,true,20,64
385,Internal Government Officer,2021-12-10,false,20,279
386,Retail Technician,2021-12-13,false,20,229
387,Chief Associate,2021-12-13,true,20,168
388,Investor Associate,2021-12-17,true,20,119
389,Education Manager,2021-10-28,false,20,319
390,Farming Architect,2021-12-06,false,20,63
391,Investor Planner,2021-10-03,true,20,497
392,Principal Hospitality Specialist,2021-10-19,true,20,485
393,Legacy Orchestrator,2021-10-11,true,21,354
394,Forward Sales Engineer,2021-11-17,true,21,475
395,Mining Manager,2021-11-30,true,21,333
396,Senior Banking Planner,2021-10-07,true,21,195
397,Dynamic Retail Liaison,2021-10-04,true,21,151
398,National Strategist,2021-12-04,false,21,318
399,Corporate Education Manager,2021-10-17,true,21,356
400,Principal Coordinator,2021-12-20,false,21,381
401,Healthcare Manager,2021-09-30,true,21,185
402,Hospitality Developer,2021-11-25,false,21,22
403,Central Director,2021-11-27,true,22,366
404,Marketing Developer,2021-12-01,true,22,280
405,Advertising Supervisor,2021-12-19,true,22,360
406,Legacy Director,2021-10-17,true,22,170
407,Retail Executive,2021-10-09,true,22,179
408,Hospitality Engineer,2021-10-09,true,22,81
409,Internal Government Manager,2021-12-23,true,22,480
410,Corporate Construction Consultant,2021-11-15,true,22,421
411,Principal Education Liaison,2021-11-14,true,22,129
412,Legacy Administration Officer,2021-10-21,true,22,95
413,Regional Real-Estate Officer,2021-12-09,false,22,183
414,Product Marketing Assistant,2021-10-24,true,22,74
415,Principal IT Liaison,2021-10-12,true,22,504
416,Mining Officer,2021-10-15,true,22,198
417,Corporate Education Agent,2021-11-08,false,22,314
418,Dynamic Marketing Architect,2021-11-08,true,22,498
419,Forward Facilitator,2021-11-19,true,22,298
420,Community-Services Orchestrator,2021-10-24,true,22,352
421,Banking Technician,2021-12-12,true,23,59
422,Senior Designer,2021-12-12,false,23,293
423,Technology Administrator,2021-09-30,true,23,312
424,Legacy Legal Analyst,2021-11-21,false,23,149
425,Chief Sales Administrator,2021-11-15,true,23,171
426,Global Farming Officer,2021-12-20,true,23,332
427,Advertising Coordinator,2021-12-17,true,23,117
428,Hospitality Planner,2021-10-13,true,23,187
429,Human Manufacturing Agent,2021-10-27,true,23,473
430,Hospitality Developer,2021-11-27,false,23,16
431,Consulting Engineer,2021-11-06,false,23,212
432,Human Construction Liaison,2021-12-16,true,23,448
433,Investor Marketing Supervisor,2021-12-04,true,23,116
434,Future Administrator,2021-09-28,true,23,482
435,Forward Administrator,2021-11-21,true,23,414
436,Government Associate,2021-09-27,true,23,294
437,Central Retail Liaison,2021-11-20,false,23,9
438,Government Executive,2021-11-22,false,23,128
439,Design Producer,2021-12-09,false,23,48
440,Legacy Retail Facilitator,2021-11-13,true,23,435
441,Consulting Engineer,2021-11-12,false,23,300
442,Retail Planner,2021-11-18,true,23,96
443,Dynamic Marketing Developer,2021-11-24,true,23,317
444,Administration Consultant,2021-12-10,true,23,95
445,Human Government Manager,2021-10-26,true,23,156
446,Direct Community-Services Associate,2021-11-30,true,23,326
447,Senior Architect,2021-11-20,false,23,118
448,Design Specialist,2021-10-07,true,23,217
449,Global Design Engineer,2021-10-27,true,23,220
450,Marketing Strategist,2021-12-21,true,23,14
451,Consulting Architect,2021-11-27,true,24,476
452,Customer Officer,2021-11-11,false,24,320
453,Senior Administration Consultant,2021-12-11,true,24,373
454,District Analyst,2021-11-21,false,24,173
455,Education Technician,2021-11-08,false,24,242
456,Hospitality Engineer,2021-10-29,true,25,48
457,Investor Design Manager,2021-12-14,true,25,15
458,Lead Sales Assistant,2021-10-21,true,25,421
459,Marketing Agent,2021-12-23,false,25,353
460,Administration Representative,2021-10-14,true,25,378
461,Human Administration Planner,2021-12-12,true,25,452
462,Advertising Manager,2021-09-28,true,25,20
463,Corporate Agent,2021-11-10,true,25,414
464,Product Planner,2021-11-16,false,25,140
465,Legal Liaison,2021-09-27,true,25,236
466,Customer Strategist,2021-12-07,false,25,232
467,International Technology Planner,2021-12-22,false,25,388
468,Human Administration Manager,2021-11-22,true,25,403
469,Sales Designer,2021-11-10,true,25,473
470,Administration Liaison,2021-10-04,true,25,160
471,Lead Education Officer,2021-10-14,true,25,401
472,Regional Architect,2021-10-07,true,25,274
473,Community-Services Manager,2021-10-17,true,25,250
474,Education Agent,2021-10-21,true,25,456
475,Internal Executive,2021-11-11,true,25,249
476,Legacy Real-Estate Strategist,2021-12-12,false,25,368
477,Dynamic Agent,2021-11-27,false,25,302
478,Principal Marketing Producer,2021-12-12,true,25,337
479,Accounting Facilitator,2021-10-16,true,25,21
480,Corporate Design Executive,2021-10-12,true,25,332
481,Central Retail Director,2021-10-27,true,26,163
482,Customer Developer,2021-12-17,true,26,50
483,Regional Design Representative,2021-10-25,true,26,349
484,Global Legal Coordinator,2021-12-14,true,26,11
485,Senior Technology Designer,2021-12-20,true,26,226
486,Administration Architect,2021-11-02,true,26,292
487,Marketing Producer,2021-10-08,true,26,494
488,Dynamic Community-Services Associate,2021-10-12,true,26,329
489,Dynamic Farming Engineer,2021-10-27,true,26,100
490,IT Engineer,2021-10-31,false,26,502
491,Construction Engineer,2021-10-02,true,26,293
492,Principal Healthcare Agent,2021-12-26,true,26,105
493,Farming Planner,2021-09-28,true,26,66
494,Legacy Advertising Technician,2021-10-19,true,26,323
495,Global Director,2021-12-06,false,26,309
496,IT Agent,2021-10-06,true,26,307
497,Direct Sales Planner,2021-12-02,false,26,277
498,Technology Representative,2021-11-06,false,26,81
499,Education Director,2021-10-15,true,27,137
500,Farming Planner,2021-12-22,true,27,63
501,Sales Producer,2021-12-10,true,27,481
502,Construction Manager,2021-11-07,true,27,176
503,Product Healthcare Representative,2021-11-28,true,27,243
504,Marketing Coordinator,2021-10-07,true,27,92
505,Accounting Administrator,2021-10-03,true,27,315
506,Banking Officer,2021-12-02,false,27,56
507,Lead Representative,2021-10-22,true,27,151
508,Education Technician,2021-11-25,false,27,417
509,Advertising Producer,2021-12-12,true,27,42
510,Marketing Orchestrator,2021-11-22,true,27,236
511,Legacy Coordinator,2021-11-26,false,27,248
512,Product Analyst,2021-11-28,true,27,60
513,Forward Accounting Liaison,2021-10-12,true,27,111
514,District Technician,2021-12-12,true,27,83
515,Future Hospitality Facilitator,2021-10-30,true,27,441
516,Global Healthcare Orchestrator,2021-10-27,true,27,100
517,Investor Representative,2021-12-21,false,27,53
518,Chief Manager,2021-12-01,false,27,39
519,Customer Healthcare Designer,2021-12-05,false,27,244
520,District Producer,2021-10-24,true,27,263
521,Marketing Strategist,2021-09-28,true,27,35
522,Senior Associate,2021-10-06,true,27,377
523,Human Hospitality Associate,2021-12-25,true,27,184
524,Technology Developer,2021-12-06,false,27,486
525,Investor Administrator,2021-10-03,true,27,371
526,Direct Healthcare Specialist,2021-11-24,true,27,201
527,Legacy Advertising Analyst,2021-12-12,true,28,325
528,Construction Engineer,2021-11-21,false,28,322
529,Global Community-Services Engineer,2021-09-28,true,28,146
530,IT Assistant,2021-12-16,false,28,272
531,Construction Designer,2021-10-21,true,28,298
532,Real-Estate Liaison,2021-12-27,false,28,48
533,Internal Hospitality Strategist,2021-10-30,false,28,269
534,Design Engineer,2021-12-18,true,28,466
535,Lead Advertising Designer,2021-10-31,false,28,428
536,Sales Coordinator,2021-12-04,false,28,134
537,National Manager,2021-12-25,true,28,216
538,Banking Director,2021-10-27,true,28,336
539,Farming Facilitator,2021-11-18,true,28,383
540,Human Marketing Administrator,2021-10-11,true,28,270
541,Legacy Retail Consultant,2021-10-25,true,28,492
542,Dynamic Representative,2021-09-28,true,28,491
543,Healthcare Assistant,2021-12-18,true,28,132
544,Dynamic Analyst,2021-11-15,true,28,462
545,Customer Legal Orchestrator,2021-10-22,true,28,363
546,Regional Education Facilitator,2021-12-02,true,28,424
547,Corporate Sales Engineer,2021-12-07,false,28,379
548,Government Supervisor,2021-10-03,true,28,80
549,Marketing Officer,2021-10-07,true,28,279
550,Chief Consulting Facilitator,2021-12-14,true,28,240
551,National Orchestrator,2021-10-18,true,28,493
552,Lead Developer,2021-12-01,false,29,5
553,Future Government Associate,2021-11-15,true,29,15
554,Senior Marketing Designer,2021-11-20,true,29,366
555,Investor Real-Estate Coordinator,2021-12-15,true,29,12
556,Banking Specialist,2021-12-02,false,29,351
557,IT Designer,2021-10-01,true,29,162
558,Human Officer,2021-11-28,false,29,378
559,Direct Marketing Designer,2021-11-09,true,29,373
560,District Officer,2021-11-08,false,29,227
561,Global Orchestrator,2021-12-07,false,29,70
562,Construction Engineer,2021-12-26,true,29,401
563,International Education Liaison,2021-12-23,false,30,243
564,Chief Technology Manager,2021-10-13,true,30,197
565,Government Engineer,2021-12-21,false,30,101
566,District Executive,2021-12-01,true,30,249
567,Real-Estate Supervisor,2021-11-21,false,30,209
568,Consulting Manager,2021-10-21,true,30,273
569,Marketing Director,2021-12-02,true,30,400
570,International Strategist,2021-10-16,true,31,25
571,Direct Sales Orchestrator,2021-11-12,true,31,313
572,Legal Developer,2021-12-09,false,31,221
573,Dynamic Associate,2021-11-13,true,31,83
574,Hospitality Technician,2021-10-09,true,31,216
575,Chief Manager,2021-10-12,true,31,398
576,Marketing Officer,2021-10-06,true,31,341
577,Consulting Executive,2021-10-06,true,31,258
578,Marketing Director,2021-11-12,false,31,453
579,Sales Supervisor,2021-10-27,true,31,463
580,District Hospitality Manager,2021-12-22,false,31,335
581,Investor Marketing Orchestrator,2021-11-21,true,31,238
582,Legacy Manufacturing Executive,2021-09-27,true,31,257
583,Global Strategist,2021-12-02,true,31,154
584,Dynamic Sales Planner,2021-11-25,true,31,237
585,Future Sales Analyst,2021-10-23,true,31,249
586,District Representative,2021-11-24,false,31,36
587,Administration Strategist,2021-09-28,true,31,192
588,IT Supervisor,2021-10-31,true,31,161
589,Regional Strategist,2021-12-21,false,31,106
590,Retail Liaison,2021-11-13,true,31,68
591,Legacy IT Executive,2021-10-26,true,31,159
592,Corporate Technician,2021-12-23,false,31,56
593,Mining Director,2021-10-01,true,31,292
594,Legal Architect,2021-12-01,false,31,275
595,Technology Officer,2021-09-27,true,31,423
596,International Retail Architect,2021-12-12,false,31,70
597,Sales Engineer,2021-12-23,false,31,222
598,Marketing Associate,2021-12-21,false,31,299
599,Manufacturing Coordinator,2021-12-01,false,32,385
600,Real-Estate Director,2021-10-23,true,32,463
601,Dynamic Manufacturing Supervisor,2021-12-27,true,32,100
602,Principal Healthcare Agent,2021-12-26,true,32,477
603,Legal Facilitator,2021-12-19,true,32,485
604,Accounting Executive,2021-10-16,true,32,429
605,Direct Marketing Technician,2021-11-08,true,32,461
606,Consulting Engineer,2021-10-13,true,32,27
607,Product Design Officer,2021-11-19,false,32,28
608,Mining Developer,2021-10-31,false,32,177
609,International Analyst,2021-11-27,false,32,182
610,Customer Technician,2021-12-24,true,32,308
611,Education Administrator,2021-11-06,true,32,148
612,Lead Liaison,2021-11-28,true,32,65
613,Global Analyst,2021-10-15,true,32,166
614,Product Marketing Coordinator,2021-10-29,false,32,129
615,Hospitality Director,2021-12-11,false,32,195
616,International Mining Facilitator,2021-12-10,true,32,27
617,National Coordinator,2021-11-09,false,32,468
618,Farming Assistant,2021-12-13,true,32,174
619,International Design Manager,2021-11-11,true,32,378
620,Community-Services Administrator,2021-09-29,true,32,464
621,Direct Marketing Assistant,2021-10-02,true,32,192
622,Community-Services Supervisor,2021-10-27,true,33,281
623,Principal Design Designer,2021-12-12,true,33,172
624,Internal Construction Strategist,2021-10-12,true,33,412
625,Marketing Associate,2021-11-07,true,33,350
626,Administration Assistant,2021-10-12,true,33,331
627,Direct Consulting Agent,2021-12-06,false,33,119
628,Global Consulting Liaison,2021-10-05,true,33,449
629,Principal Administration Director,2021-11-21,true,33,218
630,Chief Farming Executive,2021-11-05,true,33,362
631,Principal Design Director,2021-11-26,false,33,59
632,Hospitality Planner,2021-11-02,true,33,313
633,Product Advertising Architect,2021-10-12,true,33,134
634,IT Supervisor,2021-12-10,false,34,62
635,Human Government Associate,2021-12-24,false,34,208
636,Administration Assistant,2021-10-30,false,34,217
637,Investor Designer,2021-11-15,true,34,206
638,District Marketing Strategist,2021-11-07,false,34,412
639,Lead Coordinator,2021-10-12,true,34,478
640,National Sales Administrator,2021-10-30,true,34,504
641,Corporate Mining Consultant,2021-10-20,true,34,125
642,Central Consultant,2021-10-28,false,34,187
643,Dynamic Marketing Facilitator,2021-11-01,false,34,78
644,Future Supervisor,2021-12-17,false,34,447
645,Customer Healthcare Coordinator,2021-10-13,true,34,6
646,Banking Coordinator,2021-10-31,false,34,384
647,Product Community-Services Orchestrator,2021-12-19,true,34,313
648,Internal Education Engineer,2021-11-26,true,34,61
649,Corporate Farming Agent,2021-11-23,true,34,43
650,National Retail Associate,2021-12-14,false,34,360
651,Lead Representative,2021-12-20,true,34,401
652,Future Technology Assistant,2021-10-13,true,34,100
653,Regional Real-Estate Supervisor,2021-12-05,true,34,6
654,Regional Healthcare Administrator,2021-11-23,true,34,229
655,National Community-Services Agent,2021-11-28,false,34,494
656,Manufacturing Technician,2021-11-13,true,34,193
657,Customer Agent,2021-12-18,true,35,107
658,Future Consulting Analyst,2021-10-24,true,35,26
659,Senior Retail Producer,2021-12-20,true,35,110
660,Investor Hospitality Representative,2021-12-05,false,35,3
661,Future Strategist,2021-11-02,true,35,488
662,Corporate Legal Consultant,2021-11-03,true,35,144
663,District Consulting Associate,2021-10-12,true,35,476
664,Central Government Executive,2021-10-22,true,35,72
665,IT Supervisor,2021-10-28,false,35,226
666,Senior Government Orchestrator,2021-10-08,true,35,366
667,Central Banking Manager,2021-11-11,false,35,126
668,Legal Representative,2021-11-06,true,35,152
669,Product Representative,2021-11-22,false,35,47
670,Manufacturing Producer,2021-12-25,false,35,399
671,Investor Real-Estate Facilitator,2021-11-28,false,35,497
672,Customer Design Producer,2021-12-22,true,35,276
673,Mining Engineer,2021-12-09,true,35,230
674,Corporate Community-Services Strategist,2021-11-18,false,35,184
675,Legal Specialist,2021-10-01,true,35,149
676,District Administrator,2021-11-02,false,35,196
677,Hospitality Executive,2021-11-20,true,35,126
678,District Officer,2021-11-25,false,35,156
679,Advertising Strategist,2021-11-26,true,36,370
680,Legacy Manager,2021-10-20,true,36,196
681,National Government Manager,2021-12-12,false,36,281
682,Sales Facilitator,2021-11-10,true,36,72
683,Central Mining Supervisor,2021-11-03,false,36,383
684,Customer Consulting Planner,2021-11-13,true,36,173
685,Manufacturing Representative,2021-10-30,true,36,429
686,Administration Representative,2021-10-07,true,36,139
687,Forward Community-Services Designer,2021-12-22,false,36,481
688,Future Marketing Architect,2021-11-16,false,36,294
689,District Banking Planner,2021-12-19,true,36,443
690,Hospitality Specialist,2021-10-27,true,36,55
691,Retail Technician,2021-11-30,true,36,328
692,Consulting Officer,2021-12-02,true,36,196
693,Internal Director,2021-12-09,true,36,485
694,Legacy Community-Services Consultant,2021-10-31,false,36,390
695,Direct Retail Technician,2021-10-26,true,36,332
696,Accounting Associate,2021-09-27,true,36,284
697,Future Orchestrator,2021-11-02,true,36,141
698,Healthcare Developer,2021-10-31,false,36,109
699,Senior Government Coordinator,2021-12-09,false,36,88
700,Lead Designer,2021-10-05,true,36,436
701,Healthcare Assistant,2021-12-23,false,36,87
702,Technology Facilitator,2021-10-21,true,36,145
703,Design Technician,2021-12-07,false,36,24
704,Hospitality Orchestrator,2021-11-13,true,36,499
705,Technology Officer,2021-12-10,false,36,372
706,Education Architect,2021-12-01,true,36,7
707,Central Healthcare Developer,2021-12-05,true,36,463
708,Design Assistant,2021-12-16,false,37,417
709,Administration Strategist,2021-11-14,true,37,502
710,Consulting Supervisor,2021-12-21,true,37,411
711,Direct Engineer,2021-12-12,false,37,116
712,Customer Marketing Representative,2021-12-07,true,37,281
713,Product Government Supervisor,2021-12-05,true,37,136
714,IT Executive,2021-12-25,true,37,92
715,Direct Community-Services Agent,2021-10-15,true,37,86
716,Farming Coordinator,2021-10-06,true,37,309
717,Consulting Director,2021-10-05,true,37,146
718,Forward Marketing Representative,2021-09-30,true,37,217
719,Forward Architect,2021-10-19,true,37,220
720,Human Accounting Liaison,2021-09-30,true,37,440
721,Farming Orchestrator,2021-10-12,true,37,106
722,Design Supervisor,2021-12-01,true,37,29
723,Advertising Producer,2021-11-03,false,37,172
724,Design Liaison,2021-12-17,true,37,441
725,Central Administration Designer,2021-11-02,false,37,210
726,Lead Hospitality Producer,2021-10-14,true,37,434
727,Hospitality Officer,2021-11-01,false,37,202
728,National Supervisor,2021-11-11,false,37,312
729,Technology Facilitator,2021-11-04,false,38,366
730,National Technology Administrator,2021-11-28,false,38,11
731,Direct Administrator,2021-11-03,true,38,191
732,Product Sales Liaison,2021-12-11,false,38,253
733,Banking Associate,2021-11-18,false,38,387
734,Manufacturing Executive,2021-12-11,true,38,119
735,Education Officer,2021-12-25,true,38,423
736,Government Developer,2021-11-19,false,38,215
737,Internal Banking Orchestrator,2021-12-26,false,38,314
738,IT Designer,2021-12-14,true,38,135
739,Internal Consultant,2021-11-15,true,38,227
740,Lead Manufacturing Supervisor,2021-12-16,false,38,427
741,Internal Design Designer,2021-10-24,true,38,245
742,Administration Associate,2021-12-18,true,38,230
743,Regional Supervisor,2021-12-09,true,38,304
744,District Banking Producer,2021-10-19,true,38,436
745,Marketing Manager,2021-10-15,true,38,145
746,Human Farming Technician,2021-10-14,true,38,435
747,Regional Hospitality Orchestrator,2021-12-05,false,38,400
748,Investor Architect,2021-11-02,false,38,236
749,Senior Administration Designer,2021-11-25,false,38,321
750,National Banking Architect,2021-12-13,true,38,327
751,Farming Engineer,2021-11-09,true,38,251
752,Legacy Coordinator,2021-11-16,true,38,1
753,Direct Engineer,2021-10-15,true,38,284
754,Senior Farming Engineer,2021-12-12,true,38,312
755,Global Design Designer,2021-10-24,true,38,393
756,Corporate Manufacturing Designer,2021-11-14,true,38,107
757,Internal Retail Agent,2021-11-17,true,38,170
758,Mining Agent,2021-11-22,false,38,181
759,Internal Education Coordinator,2021-10-31,false,39,496
760,Forward Education Liaison,2021-11-07,false,39,76
761,Legacy Analyst,2021-12-27,true,39,263
762,Retail Representative,2021-10-03,true,39,249
763,IT Engineer,2021-09-29,true,39,482
764,Direct Executive,2021-10-14,true,39,324
765,Direct Manufacturing Agent,2021-12-10,false,39,450
766,Advertising Orchestrator,2021-10-18,true,39,394
767,Lead Community-Services Orchestrator,2021-10-30,false,39,304
768,Product Consulting Strategist,2021-10-05,true,39,242
769,Mining Facilitator,2021-11-10,false,39,338
770,Legacy Real-Estate Associate,2021-12-07,true,39,465
771,Regional Marketing Supervisor,2021-10-16,true,39,166
772,Government Specialist,2021-11-05,true,39,461
773,Senior Specialist,2021-12-15,false,39,392
774,Consulting Producer,2021-12-14,true,39,475
775,Administration Orchestrator,2021-10-18,true,39,101
776,Marketing Manager,2021-11-18,false,39,388
777,Sales Architect,2021-11-03,true,39,455
778,Manufacturing Representative,2021-10-14,true,39,361
779,Education Administrator,2021-12-17,true,39,285
780,Corporate Sales Designer,2021-10-17,true,39,137
781,District Retail Specialist,2021-11-10,true,39,356
782,Real-Estate Designer,2021-11-14,true,39,24
783,Real-Estate Liaison,2021-12-12,false,40,307
784,Future Design Engineer,2021-11-20,false,40,249
785,Legacy Banking Director,2021-11-17,false,40,84
786,Principal Design Liaison,2021-12-07,true,40,42
787,Administration Planner,2021-11-19,true,40,298
788,Direct Manager,2021-12-15,true,40,60
789,Principal Representative,2021-11-28,true,40,296
790,Mining Planner,2021-10-24,true,40,64
791,District Advertising Representative,2021-12-12,true,40,7
792,Banking Director,2021-11-10,true,40,187
793,District Associate,2021-12-17,false,40,174
794,Chief Technology Specialist,2021-10-22,true,40,256
795,Legacy Manufacturing Planner,2021-12-16,false,41,117
796,Global Supervisor,2021-10-01,true,41,163
797,Farming Analyst,2021-10-12,true,41,475
798,Senior Technician,2021-10-01,true,41,109
799,Technology Strategist,2021-11-06,true,41,501
800,Regional Mining Consultant,2021-11-20,false,41,68
801,National Accounting Assistant,2021-11-04,false,41,364
802,Human Hospitality Strategist,2021-12-22,false,41,370
803,Principal Sales Coordinator,2021-12-15,false,41,238
804,Hospitality Liaison,2021-12-08,true,41,91
805,Dynamic Administration Director,2021-11-03,false,41,477
806,Direct Mining Executive,2021-11-15,false,41,289
807,Legacy Manufacturing Associate,2021-12-04,false,41,186
808,Technology Technician,2021-10-10,true,41,387
809,Internal Hospitality Developer,2021-11-20,false,41,484
810,International Designer,2021-10-15,true,41,498
811,Administration Consultant,2021-09-28,true,41,137
812,Advertising Director,2021-12-19,false,41,363
813,Regional Manufacturing Executive,2021-12-09,false,41,53
814,Design Administrator,2021-12-10,false,41,429
815,Chief Banking Liaison,2021-12-03,true,41,412
816,Legal Facilitator,2021-12-21,true,41,274
817,Chief Representative,2021-10-19,true,41,436
818,IT Assistant,2021-10-12,true,41,99
819,Retail Manager,2021-12-18,false,41,285
820,IT Analyst,2021-09-28,true,41,264
821,Product Marketing Consultant,2021-11-10,false,41,406
822,Healthcare Consultant,2021-10-19,true,41,361
823,National Technology Producer,2021-09-30,true,42,476
824,Global Orchestrator,2021-12-22,false,42,233
825,Investor Administration Assistant,2021-12-20,false,42,295
826,Real-Estate Liaison,2021-11-30,false,42,66
827,Consulting Executive,2021-10-05,true,42,152
828,Advertising Assistant,2021-11-14,false,42,155
829,Direct IT Supervisor,2021-10-15,true,42,191
830,Marketing Officer,2021-10-26,true,42,387
831,Dynamic Consultant,2021-11-19,true,42,190
832,District Planner,2021-12-16,true,42,212
833,Central Marketing Designer,2021-11-20,true,42,410
834,Future Banking Representative,2021-12-07,false,42,398
835,Technology Analyst,2021-11-25,true,42,478
836,IT Manager,2021-12-19,false,42,432
837,IT Analyst,2021-12-20,false,42,364
838,Accounting Orchestrator,2021-11-29,true,42,373
839,Direct Marketing Administrator,2021-10-13,true,43,264
840,Human Government Architect,2021-11-30,true,43,232
841,Product Sales Officer,2021-12-18,false,43,272
842,Central Banking Assistant,2021-10-29,false,43,502
843,Legal Executive,2021-10-08,true,43,329
844,Chief Marketing Developer,2021-09-28,true,43,148
845,Advertising Administrator,2021-12-02,false,43,101
846,Construction Consultant,2021-11-22,true,43,430
847,Lead Assistant,2021-12-05,false,43,186
848,Future Consultant,2021-11-13,true,43,498
849,Manufacturing Producer,2021-11-21,true,43,404
850,Global Liaison,2021-10-16,true,43,228
851,Future Consulting Specialist,2021-12-26,true,43,342
852,Product Designer,2021-09-29,true,43,481
853,Consulting Engineer,2021-10-03,true,43,178
854,Direct Real-Estate Liaison,2021-10-15,true,43,96
855,Retail Supervisor,2021-11-21,false,43,72
856,Senior Strategist,2021-12-21,true,43,440
857,Customer Technology Liaison,2021-12-05,true,43,24
858,Corporate Legal Orchestrator,2021-12-12,false,44,12
859,Sales Executive,2021-11-25,true,44,26
860,Product Analyst,2021-12-13,false,44,419
861,Accounting Specialist,2021-11-10,false,44,352
862,Human Engineer,2021-12-16,true,44,468
863,Lead Community-Services Director,2021-11-28,true,44,458
864,Consulting Developer,2021-11-30,false,44,463
865,Consulting Developer,2021-10-18,true,44,373
866,Lead Marketing Consultant,2021-11-25,true,44,499
867,Community-Services Director,2021-10-30,false,44,304
868,Accounting Strategist,2021-10-13,true,44,464
869,Central Healthcare Orchestrator,2021-12-10,false,44,431
870,Legal Director,2021-10-04,true,44,500
871,Corporate Developer,2021-10-24,true,44,202
872,Construction Executive,2021-10-24,true,44,328
873,Farming Designer,2021-12-04,false,44,321
874,Direct Facilitator,2021-11-13,false,44,440
875,International Community-Services Manager,2021-10-20,true,44,383
876,International Healthcare Associate,2021-12-22,true,44,185
877,Technology Planner,2021-12-02,true,45,73
878,Advertising Specialist,2021-11-15,true,45,501
879,Mining Associate,2021-10-29,true,45,43
880,International Hospitality Planner,2021-10-03,true,45,137
881,Internal Designer,2021-11-28,false,45,279
882,Forward Strategist,2021-11-03,true,45,60
883,Dynamic Banking Consultant,2021-12-25,true,45,95
884,Healthcare Agent,2021-09-28,true,45,313
885,Education Representative,2021-12-14,false,45,60
886,Legacy Retail Strategist,2021-11-13,true,45,7
887,Marketing Representative,2021-12-07,true,45,74
888,National Officer,2021-11-05,false,45,487
889,Community-Services Coordinator,2021-12-04,true,45,435
890,Legacy Developer,2021-10-24,true,46,307
891,Direct Marketing Strategist,2021-11-01,true,46,102
892,Product Hospitality Designer,2021-10-10,true,46,63
893,Senior IT Facilitator,2021-10-17,true,46,355
894,Corporate Technology Analyst,2021-12-25,false,46,82
895,National Farming Planner,2021-10-08,true,46,185
896,Dynamic Strategist,2021-11-03,true,46,172
897,District Mining Agent,2021-10-12,true,46,431
898,Hospitality Associate,2021-11-30,true,46,224
899,Legacy Assistant,2021-11-16,false,46,457
900,National Design Liaison,2021-12-04,true,46,290
901,Legacy Legal Coordinator,2021-11-08,false,46,158
902,Forward IT Assistant,2021-11-26,false,46,190
903,Customer Real-Estate Architect,2021-11-28,false,46,294
904,Legal Designer,2021-10-24,true,46,5
905,Customer Orchestrator,2021-10-08,true,46,403
906,Marketing Producer,2021-12-11,false,46,160
907,Education Engineer,2021-11-01,true,46,294
908,Retail Associate,2021-10-12,true,46,382
909,International Architect,2021-12-17,true,47,140
910,Internal Farming Agent,2021-09-27,true,47,419
911,Manufacturing Executive,2021-12-20,true,47,249
912,Chief Construction Agent,2021-10-09,true,47,344
913,Chief Engineer,2021-12-11,true,47,54
914,Legal Administrator,2021-10-09,true,47,42
915,National Orchestrator,2021-10-17,true,47,104
916,Farming Liaison,2021-11-12,false,47,418
917,Accounting Director,2021-12-27,false,47,5
918,Future Mining Executive,2021-09-30,true,47,359
919,Legacy Administrator,2021-11-20,false,47,5
920,Global Consulting Technician,2021-10-14,true,47,181
921,Retail Engineer,2021-11-03,true,47,500
922,Technology Executive,2021-10-04,true,47,427
923,Investor Liaison,2021-12-05,true,47,282
924,District Administrator,2021-12-22,true,47,170
925,Legal Strategist,2021-12-11,false,47,355
926,Dynamic Strategist,2021-11-12,true,47,219
927,Consulting Coordinator,2021-10-20,true,47,500
928,Legacy Planner,2021-12-18,false,47,367
929,Dynamic Government Technician,2021-11-02,true,48,88
930,Technology Technician,2021-10-30,true,48,1
931,Sales Supervisor,2021-10-07,true,48,264
932,Regional Developer,2021-09-29,true,48,443
933,Farming Manager,2021-12-14,false,48,122
934,Advertising Facilitator,2021-11-08,true,48,352
935,Future Advertising Associate,2021-11-28,false,48,415
936,Legacy Advertising Manager,2021-10-01,true,48,216
937,Global Farming Orchestrator,2021-10-30,false,48,355
938,Central Farming Coordinator,2021-11-23,true,48,220
939,Corporate Specialist,2021-10-11,true,48,323
940,Administration Administrator,2021-12-06,true,48,434
941,Farming Director,2021-11-24,false,48,305
942,Administration Designer,2021-10-16,true,48,451
943,Corporate Liaison,2021-11-01,false,48,255
944,Farming Supervisor,2021-10-23,true,48,13
945,Marketing Facilitator,2021-11-26,true,48,47
946,Future Technology Engineer,2021-11-28,false,48,275
947,Sales Architect,2021-10-09,true,48,99
948,Community-Services Coordinator,2021-10-05,true,48,286
949,Manufacturing Strategist,2021-10-03,true,48,174
950,Construction Assistant,2021-12-24,true,48,100
951,Principal Sales Producer,2021-11-19,true,48,133
952,Farming Supervisor,2021-12-05,true,48,133
953,Accounting Strategist,2021-11-20,false,48,146
954,District Administration Strategist,2021-11-30,true,48,7
955,Consulting Assistant,2021-10-29,true,48,149
956,Internal Consultant,2021-12-12,false,48,426
957,Lead Administration Associate,2021-11-07,false,48,134
958,Principal Technology Planner,2021-12-24,true,49,478
959,Investor Agent,2021-12-13,false,49,237
960,National Legal Supervisor,2021-11-18,false,49,390
961,Senior Technology Agent,2021-11-11,true,49,64
962,Community-Services Planner,2021-12-15,false,49,214
963,Direct Sales Director,2021-12-04,false,49,161
964,Real-Estate Liaison,2021-10-19,true,49,247
965,Healthcare Planner,2021-10-27,true,49,279
966,Product Analyst,2021-10-06,true,49,111
967,Chief Banking Consultant,2021-10-23,true,49,335
968,Advertising Planner,2021-10-24,true,49,35
969,National Healthcare Designer,2021-10-28,false,49,468
970,Government Specialist,2021-12-10,true,49,483
971,National Government Planner,2021-11-21,false,49,492
972,District Healthcare Officer,2021-10-31,true,49,448
973,Dynamic Administration Engineer,2021-11-20,true,49,390
974,Consulting Officer,2021-12-23,false,49,238
975,Legal Developer,2021-11-12,true,49,440
976,Direct Producer,2021-11-30,true,49,502
977,District Coordinator,2021-11-11,false,49,274
978,Future Architect,2021-10-13,true,49,329
979,Future Farming Planner,2021-12-24,true,49,169
980,Technology Producer,2021-11-20,false,49,135
981,District Architect,2021-11-03,true,49,172
982,Government Coordinator,2021-11-07,true,49,89
983,Dynamic Analyst,2021-11-01,true,49,312
984,Farming Administrator,2021-10-15,true,49,59
985,Principal Assistant,2021-11-21,false,50,165
986,Principal Banking Officer,2021-11-26,true,50,43
987,Farming Supervisor,2021-10-26,true,50,333
988,Forward Representative,2021-10-05,true,50,382
989,Internal Orchestrator,2021-12-17,true,50,24
990,Healthcare Technician,2021-11-24,true,50,455
991,Dynamic Government Director,2021-11-05,true,50,310
992,Regional Government Developer,2021-10-16,true,50,376
993,Regional Consultant,2021-11-06,false,50,402
994,Forward Consultant,2021-12-12,false,50,422
995,Sales Producer,2021-11-01,false,50,494
996,Dynamic Architect,2021-10-08,true,50,10
997,Future Consulting Strategist,2021-12-09,false,50,15
998,Product Assistant,2021-10-07,true,50,417
999,Marketing Strategist,2021-10-22,true,50,62
1000,Consulting Designer,2021-12-14,true,50,52
1001,Sales Facilitator,2021-10-02,true,50,188
1002,International Facilitator,2021-12-01,false,50,261
1003,Human Assistant,2021-12-07,true,50,228
1004,Product Farming Developer,2021-12-25,false,50,113
1005,Corporate Marketing Officer,2021-10-11,true,50,239
1006,District Design Representative,2021-10-06,true,50,3
1007,Chief Hospitality Producer,2021-12-13,true,50,78
1008,Investor Technician,2021-12-13,true,50,154
1009,Direct Engineer,2021-11-21,true,50,302
1010,Senior Healthcare Officer,2021-12-19,false,50,36
1011,Healthcare Administrator,2021-11-29,false,50,65
1012,IT Agent,2021-11-02,false,50,206
1013,Sales Analyst,2021-11-25,true,50,479
1014,Senior Marketing Strategist,2021-11-08,true,50,31